"Team","Season","GP","TOI","CF","CA","C+/-","CF%","CF/60","CA/60","GF","GA","G+/-","GF%","GF/60","GA/60","xGF","xGA","xG+/-","xGF%","xGF/60","xGA/60","PENT","PEND","P+/-","Sh%","Sv%","PDO"
"ANA","2007-2008",82,5212.21,3935,3832,103,50.66,45.3,44.11,197,184,13,51.71,2.27,2.12,196.05,208.2,-12.15,48.5,2.26,2.4,573,528,-45,8.79,92,100.79
"ANA","2008-2009",82,5136.28,4336,4279,57,50.33,50.65,49.99,238,235,3,50.32,2.78,2.75,224.86,223.4,1.46,50.16,2.63,2.61,543,465,-78,9.59,90.6,100.19
"ANA","2009-2010",82,5190.87,4363,4771,-408,47.77,50.43,55.15,233,243,-10,48.95,2.69,2.81,220,251.6,-31.6,46.65,2.54,2.91,479,460,-19,9.43,91.12,100.55
"ANA","2010-2011",82,5082.71,4093,5041,-948,44.81,48.32,59.51,235,233,2,50.21,2.77,2.75,202.35,237.49,-35.14,46.01,2.39,2.8,428,406,-22,10.07,91.2,101.27
"ANA","2011-2012",82,5135.89,4407,4588,-181,48.99,51.48,53.6,201,224,-23,47.29,2.35,2.62,214.03,229.33,-15.3,48.27,2.5,2.68,374,355,-19,8.77,90.53,99.3
"ANA","2012-2013",48,3071.29,2523,2743,-220,47.91,49.29,53.59,134,115,19,53.82,2.62,2.25,125.93,121.78,4.15,50.84,2.46,2.38,203,176,-27,9.95,91.42,101.37
"ANA","2013-2014",82,5125.88,4707,4678,29,50.15,55.1,54.76,263,203,60,56.44,3.08,2.38,249.36,219.77,29.59,53.15,2.92,2.57,362,375,13,10.24,91.38,101.61
"ANA","2014-2015",82,5197.24,4719,4522,197,51.07,54.48,52.2,228,221,7,50.78,2.63,2.55,232.17,214.29,17.88,52,2.68,2.47,356,320,-36,9.28,90.66,99.94
"ANA","2015-2016",82,5082.04,4738,4384,354,51.94,55.94,51.76,215,188,27,53.35,2.54,2.22,235.53,199.06,36.47,54.2,2.78,2.35,398,354,-44,8.65,91.68,100.33
"ANA","2016-2017",82,5069.78,4579,4659,-80,49.57,54.19,55.14,220,197,23,52.76,2.6,2.33,242.25,227.23,15.02,51.6,2.87,2.69,374,349,-25,9.07,91.89,100.96
"ANA","2017-2018",82,5002.3,4647,5086,-439,47.74,55.74,61,231,209,22,52.5,2.77,2.51,244.03,259.8,-15.77,48.43,2.93,3.12,347,287,-60,9.33,92.31,101.64
"ANA","2018-2019",81,4925.43,4322,4994,-672,46.39,52.65,60.84,195,246,-51,44.22,2.38,3,201.53,267.01,-65.48,43.01,2.45,3.25,321,259,-62,8.71,90.88,99.59
"ARI","2007-2008",82,5158.8,4394,4533,-139,49.22,51.1,52.72,209,225,-16,48.16,2.43,2.62,206.8,220.82,-14.02,48.36,2.41,2.57,441,446,5,8.36,91.06,99.42
"ARI","2008-2009",81,4991.35,4157,4808,-651,46.37,49.97,57.8,200,248,-48,44.64,2.4,2.98,191.08,212.29,-21.21,47.37,2.3,2.55,410,462,52,8.81,90.29,99.11
"ARI","2009-2010",82,5332.6,4575,4409,166,50.92,51.48,49.61,211,196,15,51.84,2.37,2.21,208.5,208.38,0.12,50.01,2.35,2.34,381,377,-4,8.43,91.92,100.35
"ARI","2010-2011",82,5160.5,4658,4826,-168,49.11,54.16,56.11,226,220,6,50.67,2.63,2.56,206.67,231.46,-24.79,47.17,2.4,2.69,371,357,-14,9.09,91.77,100.86
"ARI","2011-2012",82,5251.95,4609,4721,-112,49.4,52.65,53.93,210,194,16,51.98,2.4,2.22,208.54,225.09,-16.55,48.09,2.38,2.57,323,325,2,8.65,92.52,101.16
"ARI","2012-2013",48,3095.2,2780,2753,27,50.24,53.89,53.37,121,125,-4,49.19,2.35,2.42,121.35,130.39,-9.04,48.2,2.35,2.53,213,213,0,8.16,91.49,99.64
"ARI","2013-2014",82,5210.37,4704,4635,69,50.37,54.17,53.37,210,224,-14,48.39,2.42,2.58,202.26,226.83,-24.57,47.14,2.33,2.61,347,354,7,8.41,91.18,99.59
"ARI","2014-2015",82,5144.24,4618,5061,-443,47.71,53.86,59.03,165,267,-102,38.19,1.92,3.11,198.86,246.62,-47.76,44.64,2.32,2.88,345,297,-48,6.9,90.19,97.09
"ARI","2015-2016",82,4986.21,4357,4790,-433,47.63,52.43,57.64,208,244,-36,46.02,2.5,2.94,201.48,221.89,-20.41,47.59,2.42,2.67,397,379,-18,9.18,90.4,99.58
"ARI","2016-2017",82,5105.8,4285,5252,-967,44.93,50.35,61.72,191,258,-67,42.54,2.24,3.03,190.08,259.92,-69.84,42.24,2.23,3.05,332,298,-34,8.37,90.78,99.15
"ARI","2017-2018",82,4999.24,4788,5039,-251,48.72,57.46,60.48,206,251,-45,45.08,2.47,3.01,216.06,255.65,-39.59,45.8,2.59,3.07,282,302,20,8.41,90.5,98.91
"ARI","2018-2019",81,4920.35,4666,4807,-141,49.26,56.9,58.62,209,218,-9,48.95,2.55,2.66,222.59,229.47,-6.88,49.24,2.71,2.8,274,304,30,8.4,91.28,99.68
"ATL","2007-2008",82,5236.68,3652,4763,-1111,43.4,41.84,54.57,207,266,-59,43.76,2.37,3.05,195.7,239.33,-43.63,44.99,2.24,2.74,436,393,-43,9.79,90.44,100.23
"ATL","2008-2009",82,5101.48,4122,4727,-605,46.58,48.48,55.6,250,279,-29,47.26,2.94,3.28,215.74,242.44,-26.7,47.09,2.54,2.85,487,477,-10,10.84,89.6,100.44
"ATL","2009-2010",82,5137.99,4349,4671,-322,48.22,50.79,54.55,230,250,-20,47.92,2.69,2.92,201.81,245.63,-43.82,45.1,2.36,2.87,426,425,-1,9.54,90.8,100.34
"ATL","2010-2011",82,5192.81,4656,4849,-193,48.98,53.8,56.03,218,262,-44,45.42,2.52,3.03,212.37,242.64,-30.27,46.67,2.45,2.8,368,367,-1,8.45,90.07,98.51
"BOS","2007-2008",82,5111.44,4164,4208,-44,49.74,48.88,49.4,206,214,-8,49.05,2.42,2.51,209.25,321.74,-112.49,39.41,2.46,3.78,431,418,-13,8.85,91.38,100.23
"BOS","2008-2009",81,5076.88,4409,4365,44,50.25,52.11,51.59,267,188,79,58.68,3.16,2.22,216.83,210.89,5.94,50.69,2.56,2.49,406,418,12,10.85,92.46,103.32
"BOS","2009-2010",82,5317.41,4686,4210,476,52.68,52.88,47.5,196,191,5,50.65,2.21,2.16,208,196.65,11.35,51.4,2.35,2.22,372,363,-9,7.54,92.19,99.73
"BOS","2010-2011",82,5100.06,4923,4791,132,50.68,57.92,56.36,244,189,55,56.35,2.87,2.22,216.84,221.15,-4.31,49.51,2.55,2.6,388,390,2,9.05,92.96,102.01
"BOS","2011-2012",82,5168.86,4964,4335,629,53.38,57.62,50.32,260,199,61,56.64,3.02,2.31,220.36,189.1,31.26,53.82,2.56,2.2,380,369,-11,9.8,91.85,101.65
"BOS","2012-2013",48,3028.09,2929,2547,382,53.49,58.04,50.47,127,106,21,54.51,2.52,2.1,133.4,118.35,15.05,52.99,2.64,2.35,224,180,-44,8.16,92.29,100.44
"BOS","2013-2014",82,5113.79,4838,4278,560,53.07,56.76,50.19,258,171,87,60.14,3.03,2.01,218.93,187.41,31.52,53.88,2.57,2.2,355,319,-36,9.87,92.83,102.7
"BOS","2014-2015",82,5233.57,4817,4420,397,52.15,55.22,50.67,209,201,8,50.98,2.4,2.3,205.67,193.04,12.63,51.58,2.36,2.21,320,285,-35,8.21,91.79,100
"BOS","2015-2016",82,5068.53,4691,4712,-21,49.89,55.53,55.78,236,228,8,50.86,2.79,2.7,208.38,214.98,-6.6,49.22,2.47,2.54,367,321,-46,9.01,90.85,99.86
"BOS","2016-2017",82,5039.08,5014,4190,824,54.48,59.7,49.89,232,209,23,52.61,2.76,2.49,240.08,195.13,44.95,55.16,2.86,2.32,350,332,-18,8.53,90.49,99.01
"BOS","2017-2018",82,4982.33,4926,4405,521,52.79,59.32,53.05,267,211,56,55.86,3.22,2.54,243.34,210.48,32.86,53.62,2.93,2.53,315,324,9,9.88,91.21,101.09
"BOS","2018-2019",82,4983.53,4848,4376,472,52.56,58.37,52.69,257,212,45,54.8,3.09,2.55,226.95,217.77,9.18,51.03,2.73,2.62,323,331,8,9.59,91.23,100.81
"BUF","2007-2008",81,5104.38,4216,4181,35,50.21,49.56,49.15,245,232,13,51.36,2.88,2.73,220.05,198.66,21.39,52.55,2.59,2.34,421,455,34,10.11,89.86,99.97
"BUF","2008-2009",82,5190.98,4424,4611,-187,48.97,51.13,53.3,242,229,13,51.38,2.8,2.65,212.96,215.33,-2.37,49.72,2.46,2.49,448,467,19,9.65,91.11,100.76
"BUF","2009-2010",82,5141.67,4564,4541,23,50.13,53.26,52.99,231,201,30,53.47,2.7,2.35,222.5,221.64,0.86,50.1,2.6,2.59,381,398,17,8.93,92.19,101.12
"BUF","2010-2011",82,5089.07,4689,4690,-1,49.99,55.28,55.29,240,228,12,51.28,2.83,2.69,225.56,217.07,8.49,50.96,2.66,2.56,402,374,-28,8.92,90.93,99.85
"BUF","2011-2012",82,5220.67,4445,4617,-172,49.05,51.09,53.06,211,223,-12,48.62,2.42,2.56,201.32,218.97,-17.65,47.9,2.31,2.52,359,367,8,8.81,91.33,100.14
"BUF","2012-2013",48,3111.12,2405,2938,-533,45.01,46.38,56.66,118,139,-21,45.91,2.28,2.68,109.2,142.82,-33.62,43.33,2.11,2.75,243,230,-13,8.81,91.34,100.16
"BUF","2013-2014",82,5174.53,3924,5120,-1196,43.39,45.5,59.37,150,243,-93,38.17,1.74,2.82,178.65,245.53,-66.88,42.12,2.07,2.85,354,337,-17,6.95,91.37,98.32
"BUF","2014-2015",82,5184.99,3415,5572,-2157,38,39.52,64.48,153,269,-116,36.26,1.77,3.11,168.89,248.46,-79.57,40.47,1.95,2.88,339,304,-35,7.71,90.79,98.5
"BUF","2015-2016",82,5126.13,4325,4602,-277,48.45,50.62,53.87,199,215,-16,48.07,2.33,2.52,201.4,212.47,-11.07,48.66,2.36,2.49,294,326,32,8.23,91.44,99.67
"BUF","2016-2017",82,5104.84,4416,4942,-526,47.19,51.9,58.09,199,231,-32,46.28,2.34,2.72,207.78,233.1,-25.32,47.13,2.44,2.74,303,296,-7,7.99,91.8,99.78
"BUF","2017-2018",82,4974.03,4491,4750,-259,48.6,54.17,57.3,198,277,-79,41.68,2.39,3.34,206.18,243.18,-37,45.88,2.49,2.93,280,307,27,7.74,89.67,97.41
"BUF","2018-2019",82,4994.35,4688,4644,44,50.24,56.32,55.79,221,268,-47,45.19,2.66,3.22,219.7,238.02,-18.32,48,2.64,2.86,261,279,18,8.19,90.09,98.28
"CAR","2007-2008",82,5038.67,4882,4376,506,52.73,58.13,52.11,250,246,4,50.4,2.98,2.93,249.39,232.39,17,51.76,2.97,2.77,459,531,72,9.37,89.61,98.98
"CAR","2008-2009",82,5106.06,5028,4635,393,52.03,59.08,54.46,236,221,15,51.64,2.77,2.6,247.33,236.15,11.18,51.16,2.91,2.77,362,442,80,8.82,90.86,99.69
"CAR","2009-2010",81,5046.65,4570,4775,-205,48.9,54.33,56.77,224,249,-25,47.36,2.66,2.96,231.4,252.43,-21.03,47.83,2.75,3,396,406,10,9.44,90.18,99.62
"CAR","2010-2011",82,5108.46,4935,5083,-148,49.26,57.96,59.7,231,234,-3,49.68,2.71,2.75,232.94,260.78,-27.84,47.18,2.74,3.06,348,437,89,9.18,91.41,100.59
"CAR","2011-2012",82,5093.69,4745,4974,-229,48.82,55.89,58.59,212,237,-25,47.22,2.5,2.79,242.98,252.36,-9.38,49.05,2.86,2.97,332,380,48,8.49,91.07,99.56
"CAR","2012-2013",48,2927.08,2977,2828,149,51.28,61.02,57.97,127,159,-32,44.41,2.6,3.26,143.36,155.9,-12.54,47.9,2.94,3.2,213,213,0,8.22,89.73,97.95
"CAR","2013-2014",82,5069.15,4929,4694,235,51.22,58.34,55.56,205,226,-21,47.56,2.43,2.68,226.91,237.08,-10.17,48.9,2.69,2.81,300,337,37,8,91.09,99.1
"CAR","2014-2015",82,5177.33,4790,4280,510,52.81,55.51,49.6,183,219,-36,45.52,2.12,2.54,229.97,214.87,15.1,51.7,2.67,2.49,241,294,53,7.25,90.21,97.46
"CAR","2015-2016",82,5109.64,4679,4229,450,52.53,54.94,49.66,196,221,-25,47,2.3,2.6,226.31,219.89,6.42,50.72,2.66,2.58,256,290,34,8,90.23,98.23
"CAR","2016-2017",82,5128.09,4780,4362,418,52.29,55.93,51.04,212,230,-18,47.96,2.48,2.69,242.71,225.24,17.47,51.87,2.84,2.64,229,260,31,8.5,90.09,98.59
"CAR","2017-2018",82,4981.95,5318,4321,997,55.17,64.05,52.04,225,253,-28,47.07,2.71,3.05,267.75,220.42,47.33,54.85,3.22,2.65,229,273,44,8.09,89.32,97.41
"CAR","2018-2019",81,4894.67,5259,4302,957,55,64.47,52.73,241,220,21,52.28,2.95,2.7,295.55,226.42,69.13,56.62,3.62,2.78,287,299,12,8.66,90.49,99.16
"CBJ","2007-2008",82,5131.02,4175,3852,323,52.01,48.82,45.04,190,210,-20,47.5,2.22,2.46,202.42,179.16,23.26,53.05,2.37,2.1,518,491,-27,7.98,90.66,98.64
"CBJ","2008-2009",82,5204.65,4231,4130,101,50.6,48.78,47.61,220,223,-3,49.66,2.54,2.57,197.85,195.5,2.35,50.3,2.28,2.25,473,446,-27,9.28,90.22,99.5
"CBJ","2009-2010",81,5117.33,4015,4405,-390,47.68,47.08,51.65,211,249,-38,45.87,2.47,2.92,187.74,204.45,-16.71,47.87,2.2,2.4,433,404,-29,9.11,89.94,99.04
"CBJ","2010-2011",82,5206.54,4612,4424,188,51.04,53.15,50.98,210,250,-40,45.65,2.42,2.88,214.9,211.4,3.5,50.41,2.48,2.44,433,434,1,8.38,89.78,98.16
"CBJ","2011-2012",82,5108.74,4325,4402,-77,49.56,50.8,51.7,198,257,-59,43.52,2.33,3.02,207.06,200.04,7.02,50.86,2.43,2.35,383,433,50,8.07,89.87,97.94
"CBJ","2012-2013",48,3084.86,2416,2559,-143,48.56,46.99,49.77,115,115,0,50,2.24,2.24,104.56,114.24,-9.68,47.79,2.03,2.22,218,226,8,8.96,91.99,100.96
"CBJ","2013-2014",82,5081.75,4443,4424,19,50.11,52.46,52.23,225,214,11,51.25,2.66,2.53,208.69,195.3,13.39,51.66,2.46,2.31,369,364,-5,9.26,91.52,100.78
"CBJ","2014-2015",82,5163.11,4215,4747,-532,47.03,48.98,55.16,227,248,-21,47.79,2.64,2.88,210.67,236.98,-26.31,47.06,2.45,2.75,400,343,-57,9.59,90.96,100.55
"CBJ","2015-2016",82,5135.28,4358,4799,-441,47.59,50.92,56.07,213,248,-35,46.2,2.49,2.9,245.51,246.73,-1.22,49.88,2.87,2.88,386,352,-34,8.92,90.27,99.19
"CBJ","2016-2017",82,5029.67,4564,4644,-80,49.57,54.44,55.4,247,193,54,56.14,2.95,2.3,239.38,245.01,-5.63,49.42,2.86,2.92,305,302,-3,9.72,92.24,101.97
"CBJ","2017-2018",82,4995.44,4932,4700,232,51.2,59.24,56.45,236,226,10,51.08,2.83,2.71,248.78,248.16,0.62,50.06,2.99,2.98,253,273,20,8.55,91.2,99.75
"CBJ","2018-2019",81,4893.42,4519,4356,163,50.92,55.41,53.41,251,231,20,52.07,3.08,2.83,229.86,219.08,10.79,51.2,2.82,2.69,231,255,24,9.81,90.36,100.17
"CGY","2007-2008",82,5065.28,4243,3928,315,51.93,50.26,46.53,226,224,2,50.22,2.68,2.65,218.58,193.99,24.59,52.98,2.59,2.3,525,484,-41,9.76,90.41,100.17
"CGY","2008-2009",81,4975.19,4829,4106,723,54.05,58.24,49.52,248,242,6,50.61,2.99,2.92,230.26,217.94,12.32,51.37,2.78,2.63,489,495,6,9.5,89.93,99.42
"CGY","2009-2010",82,5129.92,4571,4400,171,50.95,53.46,51.46,201,203,-2,49.75,2.35,2.37,197.87,199.97,-2.1,49.74,2.31,2.34,431,391,-40,8.55,91.44,100
"CGY","2010-2011",82,5258.7,4742,4466,276,51.5,54.1,50.96,241,230,11,51.17,2.75,2.62,216.82,195.64,21.18,52.57,2.47,2.23,358,394,36,9.63,90.16,99.79
"CGY","2011-2012",82,5188.1,4203,4709,-506,47.16,48.61,54.46,199,217,-18,47.84,2.3,2.51,204.11,222.02,-17.91,47.9,2.36,2.57,359,346,-13,8.81,91.42,100.23
"CGY","2012-2013",48,2944.91,2439,2678,-239,47.66,49.69,54.56,128,157,-29,44.91,2.61,3.2,118.93,126.57,-7.64,48.44,2.42,2.58,199,198,-1,9.91,88.89,98.8
"CGY","2013-2014",82,5145.06,4243,4742,-499,47.22,49.48,55.3,202,238,-36,45.91,2.36,2.78,195.66,212.92,-17.26,47.89,2.28,2.48,323,332,9,9.19,89.86,99.04
"CGY","2014-2015",82,5095.95,4387,4995,-608,46.76,51.65,58.81,237,213,24,52.67,2.79,2.51,209.71,213.04,-3.33,49.61,2.47,2.51,258,326,68,10.52,91.1,101.62
"CGY","2015-2016",82,5048.23,4532,4702,-170,49.08,53.86,55.88,229,257,-28,47.12,2.72,3.05,220.51,230.51,-10,48.89,2.62,2.74,302,334,32,9.55,89.18,98.73
"CGY","2016-2017",82,5063.93,4497,4428,69,50.39,53.28,52.47,222,219,3,50.34,2.63,2.59,209.93,218.69,-8.76,48.98,2.49,2.59,380,354,-26,9.29,90.7,100
"CGY","2017-2018",82,4979.69,5333,4706,627,53.12,64.26,56.7,216,243,-27,47.06,2.6,2.93,264.94,244.76,20.18,51.98,3.19,2.95,362,360,-2,7.83,90.49,98.32
"CGY","2018-2019",81,4890.92,4924,4195,729,54,60.41,51.46,284,220,64,56.35,3.48,2.7,259.94,212.71,47.23,55,3.19,2.61,297,334,37,10.77,90.29,101.06
"CHI","2007-2008",81,5052.72,3720,3851,-131,49.13,44.17,45.73,234,230,4,50.43,2.78,2.73,191.81,203.08,-11.27,48.57,2.28,2.41,520,502,-18,10.31,90.09,100.4
"CHI","2008-2009",82,5159.16,4492,3857,635,53.8,52.24,44.86,260,209,51,55.44,3.02,2.43,221.77,208.19,13.58,51.58,2.58,2.42,440,474,34,9.69,91.08,100.77
"CHI","2009-2010",82,5237.55,4979,3866,1113,56.29,57.04,44.29,262,203,59,56.34,3,2.33,232.71,180.75,51.96,56.28,2.67,2.07,359,392,33,9.36,90.14,99.5
"CHI","2010-2011",82,5163.92,4726,4323,403,52.23,54.91,50.23,252,220,32,53.39,2.93,2.56,215.98,200.36,15.62,51.88,2.51,2.33,315,336,21,9.56,90.65,100.21
"CHI","2011-2012",82,5226.22,4694,4229,465,52.61,53.89,48.55,241,231,10,51.06,2.77,2.65,226.56,206.03,20.53,52.37,2.6,2.37,317,362,45,9.33,90.14,99.47
"CHI","2012-2013",48,3110.41,2686,2345,341,53.39,51.81,45.24,149,97,52,60.57,2.87,1.87,124.69,108.33,16.36,53.51,2.41,2.09,186,195,9,9.97,92.29,102.26
"CHI","2013-2014",82,5216.48,4906,4036,870,54.86,56.43,46.42,261,212,49,55.18,3,2.44,231.41,192.48,38.93,54.59,2.66,2.21,302,308,6,9.61,90.49,100.1
"CHI","2014-2015",82,5172.96,5109,4316,793,54.21,59.26,50.06,220,186,34,54.19,2.55,2.16,230.34,208.4,21.94,52.5,2.67,2.42,267,322,55,7.92,92.49,100.41
"CHI","2015-2016",82,5017.59,4591,4532,59,50.32,54.9,54.19,234,207,27,53.06,2.8,2.48,218.19,227.14,-8.95,49,2.61,2.72,277,306,29,9.37,91.81,101.18
"CHI","2016-2017",82,5054.98,4633,4652,-19,49.9,54.99,55.22,240,212,28,53.1,2.85,2.52,222.83,225.89,-3.06,49.66,2.64,2.68,255,275,20,9.57,91.76,101.33
"CHI","2017-2018",82,4966.29,5320,4836,484,52.38,64.27,58.43,228,254,-26,47.3,2.75,3.07,241.32,254.15,-12.83,48.71,2.92,3.07,281,324,43,8.16,90.58,98.74
"CHI","2018-2019",80,4856.93,4643,4761,-118,49.37,57.36,58.81,262,286,-24,47.81,3.24,3.53,223.19,276.29,-53.1,44.68,2.76,3.41,253,264,11,10.08,89.76,99.85
"COL","2007-2008",82,5138.19,3941,4212,-271,48.34,46.02,49.18,224,216,8,50.91,2.62,2.52,211.07,202.76,8.31,51,2.46,2.37,386,424,38,9.54,90.34,99.88
"COL","2008-2009",82,5184.11,4184,4709,-525,47.05,48.42,54.5,190,253,-63,42.89,2.2,2.93,194.96,213.47,-18.51,47.73,2.26,2.47,418,411,-7,8.05,89.35,97.41
"COL","2009-2010",82,5175.25,3994,4843,-849,45.2,46.31,56.15,237,228,9,50.97,2.75,2.64,209.18,222.99,-13.81,48.4,2.43,2.59,409,422,13,10.36,91.32,101.68
"COL","2010-2011",82,5095.01,4254,4816,-562,46.9,50.1,56.71,221,287,-66,43.5,2.6,3.38,210.39,232.24,-21.85,47.53,2.48,2.73,420,366,-54,9.23,89,98.23
"COL","2011-2012",82,5171.5,4683,4518,165,50.9,54.33,52.42,199,218,-19,47.72,2.31,2.53,206.27,213.95,-7.68,49.09,2.39,2.48,359,301,-58,7.7,91.02,98.72
"COL","2012-2013",48,2990.48,2583,2883,-300,47.26,51.82,57.84,114,150,-36,43.18,2.29,3.01,114.99,139.37,-24.38,45.21,2.31,2.8,234,185,-49,8.06,90.05,98.11
"COL","2013-2014",82,5136.83,4311,4943,-632,46.59,50.35,57.74,245,216,29,53.15,2.86,2.52,208.26,236.96,-28.7,46.78,2.43,2.77,328,330,2,10.12,91.93,102.05
"COL","2014-2015",82,5221.29,4087,5182,-1095,44.09,46.97,59.55,209,223,-14,48.38,2.4,2.56,189.78,249.37,-59.59,43.22,2.18,2.87,308,320,12,9.14,91.8,100.94
"COL","2015-2016",82,5018.47,4189,5105,-916,45.07,50.08,61.03,212,240,-28,46.9,2.53,2.87,193.35,242.38,-49.03,44.37,2.31,2.9,318,331,13,9.03,90.94,99.97
"COL","2016-2017",82,4998.8,4345,4586,-241,48.65,52.15,55.05,165,276,-111,37.41,1.98,3.31,191.29,226.17,-34.88,45.82,2.3,2.71,330,297,-33,7.16,89.4,96.56
"COL","2017-2018",82,4977.17,4505,5076,-571,47.02,54.31,61.19,255,236,19,51.93,3.07,2.84,204.05,233.97,-29.92,46.58,2.46,2.82,325,351,26,10.48,91.36,101.84
"COL","2018-2019",80,4866.33,4636,4744,-108,49.42,57.16,58.49,254,237,17,51.73,3.13,2.92,226.79,222.54,4.25,50.47,2.8,2.74,327,337,10,9.69,90.74,100.43
"DAL","2007-2008",82,5104.97,4055,3796,259,51.65,47.66,44.62,237,204,33,53.74,2.79,2.4,195.53,190.41,5.12,50.66,2.3,2.24,457,458,1,10.84,90.45,101.29
"DAL","2008-2009",82,5181.91,4331,4243,88,50.51,50.15,49.13,224,251,-27,47.16,2.59,2.91,206.55,211.96,-5.41,49.35,2.39,2.45,449,474,25,9.46,89.11,98.56
"DAL","2009-2010",81,5212.99,4546,4730,-184,49.01,52.32,54.44,226,241,-15,48.39,2.6,2.77,215.87,215.85,0.02,50,2.48,2.48,375,420,45,9.05,90.5,99.56
"DAL","2010-2011",82,5182.2,4440,4692,-252,48.62,51.41,54.32,222,226,-4,49.55,2.57,2.62,203.5,215.58,-12.08,48.56,2.36,2.5,400,431,31,9.78,90.97,100.76
"DAL","2011-2012",82,5153.03,4475,4785,-310,48.33,52.11,55.71,204,218,-14,48.34,2.38,2.54,186.23,218.01,-31.78,46.07,2.17,2.54,410,350,-60,8.81,91.37,100.19
"DAL","2012-2013",48,2951.09,2577,2790,-213,48.02,52.39,56.72,128,141,-13,47.58,2.6,2.87,121.89,143.34,-21.45,45.96,2.48,2.91,242,236,-6,10.15,90.53,100.68
"DAL","2013-2014",82,5126.31,4954,4746,208,51.07,57.98,55.55,231,222,9,50.99,2.7,2.6,249.99,237.31,12.68,51.3,2.93,2.78,357,384,27,8.89,91.09,99.98
"DAL","2014-2015",82,5082.65,5104,4708,396,52.02,60.25,55.58,257,257,0,50,3.03,3.03,247.13,233.5,13.63,51.42,2.92,2.76,328,365,37,10.05,89.53,99.57
"DAL","2015-2016",82,5026.75,5090,4662,428,52.19,60.75,55.65,265,228,37,53.75,3.16,2.72,253.54,233,20.54,52.11,3.03,2.78,311,323,12,10.09,90.39,100.48
"DAL","2016-2017",82,5005.12,4889,4824,65,50.33,58.61,57.83,222,260,-38,46.06,2.66,3.12,240.42,246.69,-6.27,49.36,2.88,2.96,321,324,3,8.86,89.35,98.22
"DAL","2017-2018",82,4981.23,4814,4665,149,50.79,57.99,56.19,231,222,9,50.99,2.78,2.67,241.56,214.24,27.32,53,2.91,2.58,352,321,-31,9.02,90.92,99.94
"DAL","2018-2019",82,4962.6,4551,4869,-318,48.31,55.02,58.87,209,200,9,51.1,2.53,2.42,232.42,221.84,10.58,51.16,2.81,2.68,289,264,-25,8.29,92.28,100.57
"DET","2007-2008",82,5127.19,4870,3362,1508,59.16,56.99,39.34,252,179,73,58.47,2.95,2.09,245.89,174.49,71.4,58.49,2.88,2.04,429,462,33,8.94,90.72,99.66
"DET","2008-2009",81,5077.75,5096,3754,1342,57.58,60.22,44.36,285,237,48,54.6,3.37,2.8,238.46,193.96,44.5,55.15,2.82,2.29,380,410,30,9.74,89.43,99.17
"DET","2009-2010",82,5240.13,5014,4162,852,54.64,57.41,47.66,223,207,16,51.86,2.55,2.37,230.09,193.64,36.45,54.3,2.63,2.22,326,367,41,8.15,91.42,99.57
"DET","2010-2011",82,5124.56,4999,4342,657,53.52,58.53,50.84,257,237,20,52.02,3.01,2.77,235.18,214.37,20.81,52.31,2.75,2.51,343,350,7,9.33,90.57,99.89
"DET","2011-2012",82,5179.3,4786,4004,782,54.45,55.44,46.38,239,200,39,54.44,2.77,2.32,228.05,201.58,26.47,53.08,2.64,2.34,317,350,33,9.06,90.96,100.02
"DET","2012-2013",48,3032.75,2735,2340,395,53.89,54.11,46.29,122,110,12,52.59,2.41,2.18,129.06,115.53,13.53,52.77,2.55,2.29,198,221,23,8.43,91.68,100.1
"DET","2013-2014",82,5236.39,4359,4212,147,50.86,49.95,48.26,217,221,-4,49.54,2.49,2.53,205.93,205.5,0.43,50.05,2.36,2.35,339,323,-16,8.84,90.8,99.63
"DET","2014-2015",82,5227.65,4499,4046,453,52.65,51.64,46.44,231,211,20,52.26,2.65,2.42,222.23,203.42,18.81,52.21,2.55,2.33,347,360,13,9.51,90.91,100.42
"DET","2015-2016",82,5097.85,4459,4240,219,51.26,52.48,49.9,209,219,-10,48.83,2.46,2.58,221.76,222.29,-0.53,49.94,2.61,2.62,342,336,-6,8.59,91.02,99.61
"DET","2016-2017",82,5153.57,4286,4547,-261,48.52,49.9,52.94,198,244,-46,44.8,2.31,2.84,212.24,233.52,-21.28,47.61,2.47,2.72,309,326,17,8.48,90.28,98.75
"DET","2017-2018",81,5041.82,4449,4711,-262,48.57,52.95,56.06,209,252,-43,45.34,2.49,3,215.81,241.94,-26.13,47.15,2.57,2.88,303,284,-19,8.49,90.25,98.74
"DET","2018-2019",82,4996.98,4368,4926,-558,47,52.45,59.15,224,272,-48,45.16,2.69,3.27,211.1,262.14,-51.04,44.61,2.53,3.15,292,267,-25,9.36,90.14,99.5
"EDM","2007-2008",82,5320.33,4004,4737,-733,45.81,45.16,53.42,220,247,-27,47.11,2.48,2.79,198.11,233.11,-35,45.94,2.23,2.63,464,445,-19,10.2,90.4,100.6
"EDM","2008-2009",82,5132.52,4273,4771,-498,47.25,49.95,55.77,228,244,-16,48.31,2.67,2.85,210.19,238.84,-28.65,46.81,2.46,2.79,474,488,14,9.9,90.85,100.75
"EDM","2009-2010",82,5207.11,4243,5179,-936,45.03,48.89,59.68,206,278,-72,42.56,2.37,3.2,202.66,246.49,-43.83,45.12,2.34,2.84,430,423,-7,8.88,89.77,98.64
"EDM","2010-2011",82,5153.23,4180,4860,-680,46.24,48.67,56.59,191,260,-69,42.35,2.22,3.03,197.31,251.66,-54.35,43.95,2.3,2.93,455,431,-24,8.73,89.99,98.71
"EDM","2011-2012",82,5167.31,4090,4734,-644,46.35,47.49,54.97,207,232,-25,47.15,2.4,2.69,204.6,252.52,-47.92,44.76,2.38,2.93,376,337,-39,9.47,90.78,100.25
"EDM","2012-2013",48,2998.72,2344,2942,-598,44.34,46.9,58.87,123,131,-8,48.43,2.46,2.62,114.23,148.33,-34.1,43.51,2.29,2.97,216,213,-3,9.57,91.67,101.24
"EDM","2013-2014",82,5086.91,4101,5085,-984,44.64,48.37,59.98,199,267,-68,42.7,2.35,3.15,202.14,255.62,-53.48,44.16,2.38,3.02,387,386,-1,9.01,90.1,99.11
"EDM","2014-2015",82,5184.35,4492,4692,-200,48.91,51.99,54.3,193,276,-83,41.15,2.23,3.19,204.42,232.26,-27.84,46.81,2.37,2.69,280,296,16,8.28,88.8,97.08
"EDM","2015-2016",82,5086.52,4513,4782,-269,48.55,53.23,56.41,199,242,-43,45.12,2.35,2.85,218.3,240.51,-22.21,47.58,2.58,2.84,326,307,-19,8.34,90.51,98.84
"EDM","2016-2017",82,5124.16,4705,4623,82,50.44,55.09,54.13,243,207,36,54,2.85,2.42,255.09,236.63,18.46,51.88,2.99,2.77,299,323,24,9.53,91.44,100.97
"EDM","2017-2018",82,4976.44,5027,4852,175,50.89,60.61,58.5,229,262,-33,46.64,2.76,3.16,261.4,261.3,0.1,50.01,3.15,3.15,298,264,-34,8.35,90.05,98.41
"EDM","2018-2019",82,4967.63,4425,4725,-300,48.36,53.45,57.07,229,271,-42,45.8,2.77,3.27,225.85,248.82,-22.97,47.58,2.73,3.01,308,281,-27,9.57,89.57,99.15
"FLA","2007-2008",82,5151.74,4413,4689,-276,48.48,51.4,54.61,211,220,-9,48.96,2.46,2.56,205.38,233.64,-28.26,46.78,2.39,2.72,445,389,-56,8.28,92.01,100.29
"FLA","2008-2009",82,5163.31,4399,4988,-589,46.86,51.12,57.96,231,223,8,50.88,2.68,2.59,206.83,232.97,-26.14,47.03,2.4,2.71,383,379,-4,9.58,92.16,101.74
"FLA","2009-2010",82,5247.32,4255,5230,-975,44.86,48.65,59.8,202,234,-32,46.33,2.31,2.68,193.28,228.61,-35.33,45.81,2.21,2.61,375,401,26,8.67,91.65,100.31
"FLA","2010-2011",82,5169.07,4609,4734,-125,49.33,53.5,54.95,191,222,-31,46.25,2.22,2.58,206.06,213.73,-7.67,49.09,2.39,2.48,313,316,3,7.66,91.49,99.16
"FLA","2011-2012",82,5280.83,4443,4433,10,50.06,50.48,50.37,197,216,-19,47.7,2.24,2.45,185.48,206.62,-21.14,47.3,2.11,2.35,312,357,45,8.1,91.38,99.47
"FLA","2012-2013",48,2974.78,2511,2652,-141,48.63,50.65,53.49,109,170,-61,39.07,2.2,3.43,111.32,133.76,-22.44,45.42,2.25,2.7,199,194,-5,7.78,88.7,96.48
"FLA","2013-2014",82,5206.87,4467,4402,65,50.37,51.47,50.73,188,262,-74,41.78,2.17,3.02,198.1,225.4,-27.3,46.78,2.28,2.6,335,350,15,7.67,89.73,97.4
"FLA","2014-2015",82,5292.83,4455,4333,122,50.69,50.5,49.12,198,213,-15,48.18,2.24,2.41,199.12,196.44,2.68,50.34,2.26,2.23,331,324,-7,7.87,91.21,99.08
"FLA","2015-2016",82,5136.24,4104,4255,-151,49.1,47.94,49.71,232,200,32,53.7,2.71,2.34,214.05,203.58,10.47,51.25,2.5,2.38,360,366,6,9.83,91.73,101.56
"FLA","2016-2017",82,5172.44,4669,4363,306,51.69,54.16,50.61,205,231,-26,47.02,2.38,2.68,214.01,222.33,-8.32,49.05,2.48,2.58,344,354,10,7.75,91.1,98.86
"FLA","2017-2018",82,5090.52,4941,4960,-19,49.9,58.24,58.46,245,243,2,50.2,2.89,2.86,246.48,248.22,-1.74,49.82,2.91,2.93,338,356,18,8.68,91.44,100.12
"FLA","2018-2019",82,5014.23,4745,4636,109,50.58,56.78,55.47,264,273,-9,49.16,3.16,3.27,236.92,243.78,-6.86,49.29,2.84,2.92,285,322,37,9.76,89.15,98.92
"L.A","2007-2008",82,5095.41,4290,4752,-462,47.45,50.52,55.96,226,263,-37,46.22,2.66,3.1,216.52,242.09,-25.57,47.21,2.55,2.85,386,442,56,9.62,89.98,99.6
"L.A","2008-2009",82,5197.3,4589,4377,212,51.18,52.98,50.53,202,226,-24,47.2,2.33,2.61,218.78,205.97,12.81,51.51,2.53,2.38,479,473,-6,8.48,90.18,98.66
"L.A","2009-2010",82,5288.35,4393,4267,126,50.73,49.84,48.41,231,211,20,52.26,2.62,2.39,206.38,208.33,-1.95,49.76,2.34,2.36,400,407,7,9.67,90.66,100.33
"L.A","2010-2011",82,5173.72,4653,4286,367,52.05,53.96,49.71,209,196,13,51.6,2.42,2.27,201.64,185.63,16.01,52.07,2.34,2.15,363,379,16,8.84,91.43,100.28
"L.A","2011-2012",82,5243.45,4882,4244,638,53.5,55.86,48.56,188,170,18,52.51,2.15,1.95,220.44,195.26,25.18,53.03,2.52,2.23,377,374,-3,7.49,92.44,99.93
"L.A","2012-2013",48,3007.15,2797,2230,567,55.64,55.81,44.49,131,114,17,53.47,2.61,2.27,127.25,106.33,20.92,54.48,2.54,2.12,204,206,2,9.15,90.48,99.64
"L.A","2013-2014",82,5211.36,5067,4032,1035,55.69,58.34,46.42,198,168,30,54.1,2.28,1.93,233.21,196.89,36.32,54.22,2.69,2.27,376,370,-6,7.63,92.19,99.82
"L.A","2014-2015",82,5140.13,4889,4150,739,54.09,57.07,48.44,218,197,21,52.53,2.54,2.3,219.38,196.54,22.84,52.75,2.56,2.29,309,319,10,8.6,91.11,99.7
"L.A","2015-2016",82,5059.63,5133,4201,932,54.99,60.87,49.82,223,192,31,53.73,2.64,2.28,227.93,209.68,18.25,52.09,2.7,2.49,355,310,-45,8.5,91.49,99.98
"L.A","2016-2017",82,5068.5,5011,4139,872,54.77,59.32,49,199,201,-2,49.75,2.36,2.38,224.42,200.07,24.35,52.87,2.66,2.37,309,307,-2,7.79,90.52,98.31
"L.A","2017-2018",82,4982.49,4739,4795,-56,49.71,57.07,57.74,237,202,35,53.99,2.85,2.43,228.63,241.5,-12.87,48.63,2.75,2.91,319,291,-28,9.31,92.04,101.35
"L.A","2018-2019",82,4980.73,4492,4843,-351,48.12,54.11,58.34,199,259,-60,43.45,2.4,3.12,209.55,236.08,-26.53,47.02,2.52,2.84,281,274,-7,8.44,89.95,98.39
"MIN","2007-2008",80,5019.99,4033,4171,-138,49.16,48.2,49.85,215,207,8,50.95,2.57,2.47,177.48,195,-17.52,47.65,2.12,2.33,428,440,12,9.88,91.42,101.3
"MIN","2008-2009",82,5106.57,4147,4500,-353,47.96,48.73,52.87,214,197,17,52.07,2.51,2.31,178.44,194.88,-16.44,47.8,2.1,2.29,374,411,37,9.48,92.18,101.65
"MIN","2009-2010",82,5174.5,4205,4429,-224,48.7,48.76,51.36,214,239,-25,47.24,2.48,2.77,190.69,187.25,3.44,50.46,2.21,2.17,389,389,0,9.44,90.1,99.55
"MIN","2010-2011",82,5105.19,4008,4764,-756,45.69,47.11,55.99,203,228,-25,47.1,2.39,2.68,178.79,211.25,-32.46,45.84,2.1,2.48,394,377,-17,9.45,91.31,100.76
"MIN","2011-2012",82,5330.67,4049,5017,-968,44.66,45.57,56.47,166,217,-51,43.34,1.87,2.44,190.69,214.95,-24.26,47.01,2.15,2.42,388,371,-17,7.64,91.56,99.2
"MIN","2012-2013",48,3008.54,2511,2424,87,50.88,50.08,48.34,118,125,-7,48.56,2.35,2.49,124.6,99.43,25.17,55.62,2.48,1.98,194,211,17,8.54,90.38,98.92
"MIN","2013-2014",82,5258.96,4078,4314,-236,48.59,46.53,49.22,199,198,1,50.13,2.27,2.26,185.22,183.05,2.17,50.29,2.11,2.09,323,327,4,9.12,91.29,100.41
"MIN","2014-2015",82,5076.03,4593,4410,183,51.02,54.29,52.13,227,198,29,53.41,2.68,2.34,219.1,177.58,41.52,55.23,2.59,2.1,303,319,16,9,91.26,100.26
"MIN","2015-2016",82,5051.82,4379,4560,-181,48.99,52.01,54.16,213,204,9,51.08,2.53,2.42,213.88,198.17,15.71,51.91,2.54,2.35,256,313,57,8.97,91.31,100.28
"MIN","2016-2017",82,5042.39,4568,4607,-39,49.79,54.36,54.82,263,206,57,56.08,3.13,2.45,226.44,189.46,36.98,54.45,2.69,2.25,279,290,11,10.4,91.64,102.05
"MIN","2017-2018",82,4993.94,4358,4929,-571,46.93,52.36,59.22,250,229,21,52.19,3,2.75,229.26,202.1,27.16,53.15,2.75,2.43,314,285,-29,10.09,91.09,101.18
"MIN","2018-2019",82,4968.1,4705,4645,60,50.32,56.82,56.1,210,233,-23,47.4,2.54,2.81,228.15,208.3,19.85,52.27,2.76,2.52,295,295,0,8.18,90.37,98.55
"MTL","2007-2008",82,5156.43,4452,4989,-537,47.16,51.8,58.05,257,216,41,54.33,2.99,2.51,234.46,231.36,3.1,50.33,2.73,2.69,445,479,34,10.78,91.66,102.44
"MTL","2008-2009",82,5216.71,4660,4917,-257,48.66,53.6,56.55,242,240,2,50.21,2.78,2.76,224.05,234.68,-10.63,48.84,2.58,2.7,498,510,12,9.83,90.77,100.61
"MTL","2009-2010",82,5195.97,4488,5005,-517,47.28,51.82,57.79,210,218,-8,49.07,2.42,2.52,207.08,233.63,-26.55,46.99,2.39,2.7,409,367,-42,8.96,91.72,100.68
"MTL","2010-2011",82,5063.99,4849,4736,113,50.59,57.45,56.11,213,206,7,50.84,2.52,2.44,213.87,226.7,-12.83,48.54,2.53,2.69,434,399,-35,8.19,91.88,100.07
"MTL","2011-2012",82,5272.92,4473,4735,-262,48.58,50.9,53.88,207,214,-7,49.17,2.36,2.44,202.34,213.77,-11.43,48.63,2.3,2.43,406,396,-10,8.85,91.2,100.05
"MTL","2012-2013",48,2992.86,2809,2488,321,53.03,56.31,49.88,146,124,22,54.07,2.93,2.49,132.3,108.97,23.33,54.83,2.65,2.18,241,275,34,9.95,90.42,100.36
"MTL","2013-2014",82,5126.68,4452,5012,-560,47.04,52.1,58.66,209,201,8,50.98,2.45,2.35,215.75,223.1,-7.35,49.16,2.53,2.61,404,402,-2,8.97,92.09,101.06
"MTL","2014-2015",82,5187.12,4527,4821,-294,48.43,52.36,55.77,214,184,30,53.77,2.48,2.13,203.35,216.97,-13.62,48.38,2.35,2.51,340,322,-18,9.17,92.55,101.72
"MTL","2015-2016",82,5093.8,4713,4449,264,51.44,55.51,52.4,216,233,-17,48.11,2.54,2.74,225.75,222.26,3.49,50.39,2.66,2.62,318,338,20,8.62,90.32,98.95
"MTL","2016-2017",82,5062.38,4735,4484,251,51.36,56.12,53.14,223,198,25,52.97,2.64,2.35,216.29,211.02,5.27,50.62,2.56,2.5,318,291,-27,9.07,91.85,100.91
"MTL","2017-2018",82,4979.72,5000,5014,-14,49.93,60.24,60.41,207,258,-51,44.52,2.49,3.11,249.3,245.23,4.07,50.41,3,2.95,318,305,-13,7.7,90.26,97.97
"MTL","2018-2019",81,4894.47,5225,4537,688,53.52,64.05,55.62,245,234,11,51.15,3,2.87,240.76,216.24,24.52,52.68,2.95,2.65,293,290,-3,8.86,90.68,99.53
"N.J","2007-2008",82,5178.59,4268,3868,400,52.46,49.45,44.82,198,193,5,50.64,2.29,2.24,221.64,199.67,21.97,52.61,2.57,2.31,402,406,4,8.38,91.45,99.83
"N.J","2008-2009",82,5112.1,4690,4174,516,52.91,55.05,48.99,238,207,31,53.48,2.79,2.43,238.33,195.14,43.19,54.98,2.8,2.29,430,419,-11,8.82,91.43,100.25
"N.J","2009-2010",82,5154.99,4217,3924,293,51.8,49.08,45.67,216,186,30,53.73,2.51,2.16,199.93,176.98,22.95,53.04,2.33,2.06,327,361,34,8.78,91.6,100.38
"N.J","2010-2011",82,5050.85,4149,3762,387,52.45,49.29,44.69,171,207,-36,45.24,2.03,2.46,188.97,175.44,13.53,51.86,2.24,2.08,310,308,-2,7.3,90.38,97.68
"N.J","2011-2012",82,5253.51,3946,3840,106,50.68,45.07,43.86,216,205,11,51.31,2.47,2.34,201.76,181.15,20.61,52.69,2.3,2.07,343,346,3,9.59,90.68,100.27
"N.J","2012-2013",48,3072.74,2566,2003,563,56.16,50.11,39.11,110,122,-12,47.41,2.15,2.38,122.31,100.58,21.73,54.87,2.39,1.96,219,232,13,8.07,89.01,97.08
"N.J","2013-2014",82,5209.65,4045,3649,396,52.57,46.59,42.03,197,195,2,50.26,2.27,2.25,195.96,176.52,19.44,52.61,2.26,2.03,304,284,-20,8.95,90.67,99.62
"N.J","2014-2015",82,5178.07,3703,4390,-687,45.76,42.91,50.87,176,209,-33,45.71,2.04,2.42,178.07,217.95,-39.88,44.96,2.06,2.53,330,275,-55,8.76,91.7,100.46
"N.J","2015-2016",82,5111.19,3592,4235,-643,45.89,42.17,49.71,182,202,-20,47.4,2.14,2.37,184.76,217.75,-32.99,45.9,2.17,2.56,339,324,-15,9.1,91.4,100.49
"N.J","2016-2017",82,5077.61,4042,4546,-504,47.07,47.76,53.72,180,241,-61,42.76,2.13,2.85,202.47,235.29,-32.82,46.25,2.39,2.78,338,331,-7,7.9,90.63,98.53
"N.J","2017-2018",82,4989.84,4564,4846,-282,48.5,54.88,58.27,243,240,3,50.31,2.92,2.89,244.51,244.8,-0.29,49.97,2.94,2.94,307,307,0,9.35,90.83,100.18
"N.J","2018-2019",82,4984.4,4338,4796,-458,47.49,52.22,57.73,219,271,-52,44.69,2.64,3.26,231.39,249.73,-18.34,48.09,2.79,3.01,320,316,-4,8.8,89.55,98.36
"NSH","2007-2008",82,5109.91,4257,4104,153,50.91,49.99,48.19,227,224,3,50.33,2.67,2.63,221.78,207.82,13.96,51.62,2.6,2.44,435,450,15,9.36,90.82,100.18
"NSH","2008-2009",82,5160.87,4237,4309,-72,49.58,49.26,50.1,207,228,-21,47.59,2.41,2.65,202.08,220.82,-18.74,47.78,2.35,2.57,421,401,-20,8.72,90.54,99.26
"NSH","2009-2010",82,5170.76,4615,4265,350,51.97,53.55,49.49,217,221,-4,49.54,2.52,2.56,214.89,204.71,10.18,51.21,2.49,2.38,311,348,37,8.65,90.78,99.43
"NSH","2010-2011",82,5144.19,4280,4432,-152,49.13,49.92,51.69,213,190,23,52.85,2.48,2.22,208.28,204.63,3.65,50.44,2.43,2.39,323,317,-6,9.02,92.42,101.44
"NSH","2011-2012",82,5132.73,4026,4710,-684,46.09,47.06,55.06,232,205,27,53.09,2.71,2.4,206.75,207.84,-1.09,49.87,2.42,2.43,292,298,6,10.26,91.88,102.14
"NSH","2012-2013",48,3049.36,2284,2579,-295,46.97,44.94,50.75,109,133,-24,45.04,2.14,2.62,112.41,111.75,0.66,50.15,2.21,2.2,191,192,1,8.76,90.04,98.8
"NSH","2013-2014",82,5154.89,4240,4556,-316,48.2,49.35,53.03,214,233,-19,47.87,2.49,2.71,198.37,189.68,8.69,51.12,2.31,2.21,317,318,1,8.98,90.17,99.15
"NSH","2014-2015",82,5188.51,4882,4385,497,52.68,56.46,50.71,226,202,24,52.8,2.61,2.34,212.58,192.54,20.04,52.47,2.46,2.23,298,324,26,8.65,91.29,99.93
"NSH","2015-2016",82,5070.25,4619,4271,348,51.96,54.66,50.54,224,213,11,51.26,2.65,2.52,217.01,185.97,31.04,53.85,2.57,2.2,324,339,15,8.93,90.5,99.44
"NSH","2016-2017",82,5073.85,4777,4571,206,51.1,56.49,54.05,238,220,18,51.97,2.81,2.6,223.94,214.37,9.57,51.09,2.65,2.53,329,344,15,9.3,91.1,100.41
"NSH","2017-2018",82,5006.7,4926,4787,139,50.72,59.03,57.37,261,204,57,56.13,3.13,2.44,241.69,236.95,4.74,50.5,2.9,2.84,374,346,-28,9.88,92.33,102.21
"NSH","2018-2019",81,4906.4,4834,4435,399,52.15,59.11,54.24,232,209,23,52.61,2.84,2.56,228.3,221.77,6.53,50.73,2.79,2.71,306,310,4,8.78,91.4,100.18
"NYI","2007-2008",81,5042.63,4372,4544,-172,49.04,52.02,54.07,186,236,-50,44.08,2.21,2.81,221.06,234.13,-13.07,48.56,2.63,2.79,455,414,-41,7.73,90.44,98.18
"NYI","2008-2009",82,5096.51,4419,5215,-796,45.87,52.02,61.39,198,274,-76,41.95,2.33,3.23,210.07,253.03,-42.96,45.36,2.47,2.98,470,424,-46,8.34,90.04,98.38
"NYI","2009-2010",81,5164.08,4583,4965,-382,48,53.25,57.69,211,254,-43,45.38,2.45,2.95,240.21,239.28,0.93,50.1,2.79,2.78,390,398,8,8.54,90.2,98.74
"NYI","2010-2011",82,5163.12,4511,5105,-594,46.91,52.42,59.32,225,258,-33,46.58,2.61,3,231.42,257.79,-26.37,47.3,2.69,3,481,454,-27,9.35,90.15,99.5
"NYI","2011-2012",82,5164.62,4405,4818,-413,47.76,51.18,55.97,196,251,-55,43.85,2.28,2.92,233.51,245.31,-11.8,48.77,2.71,2.85,307,315,8,8.13,89.82,97.95
"NYI","2012-2013",48,3032.27,2762,2691,71,50.65,54.65,53.25,135,136,-1,49.82,2.67,2.69,147.03,126.68,20.35,53.72,2.91,2.51,191,201,10,9.1,89.94,99.04
"NYI","2013-2014",82,5241,4730,4726,4,50.02,54.15,54.1,216,261,-45,45.28,2.47,2.99,245,243.86,1.14,50.12,2.8,2.79,378,380,2,8.51,89.41,97.92
"NYI","2014-2015",82,5201.76,5126,4543,583,53.01,59.13,52.4,245,224,21,52.24,2.83,2.58,284.73,229.3,55.43,55.39,3.28,2.64,288,333,45,8.84,90.35,99.19
"NYI","2015-2016",82,5155.03,4603,4728,-125,49.33,53.57,55.03,227,211,16,51.83,2.64,2.46,235.35,232.15,3.2,50.34,2.74,2.7,308,309,1,9.42,91.54,100.95
"NYI","2016-2017",82,5068.62,4575,5052,-477,47.52,54.16,59.8,239,238,1,50.1,2.83,2.82,242.02,243.38,-1.36,49.86,2.86,2.88,288,292,4,9.64,90.9,100.54
"NYI","2017-2018",82,4983.47,4692,5211,-519,47.38,56.49,62.74,261,293,-32,47.11,3.14,3.53,237.01,265.73,-28.72,47.14,2.85,3.2,283,286,3,10.14,89.96,100.1
"NYI","2018-2019",81,4923.17,4280,4721,-441,47.55,52.16,57.54,221,191,30,53.64,2.69,2.33,231.9,223.41,8.49,50.93,2.83,2.72,273,279,6,9.47,92.37,101.84
"NYR","2007-2008",82,5272.19,4596,3942,654,53.83,52.3,44.86,205,190,15,51.9,2.33,2.16,247.54,205.17,42.37,54.68,2.82,2.33,446,473,27,7.95,91.05,99.01
"NYR","2008-2009",82,5248.52,4895,4341,554,53,55.96,49.63,200,212,-12,48.54,2.29,2.42,254.64,240.99,13.65,51.38,2.91,2.75,460,475,15,7.52,91.29,98.81
"NYR","2009-2010",82,5081.27,4525,4619,-94,49.49,53.43,54.54,219,214,5,50.58,2.59,2.53,240.29,241.93,-1.64,49.83,2.84,2.86,443,421,-22,9.03,91.27,100.3
"NYR","2010-2011",82,5171.76,4472,4606,-134,49.26,51.88,53.44,224,195,29,53.46,2.6,2.26,252.89,217.02,35.87,53.82,2.93,2.52,387,426,39,9.13,91.91,101.04
"NYR","2011-2012",82,5133.07,4247,4565,-318,48.2,49.64,53.36,222,182,40,54.95,2.59,2.13,249.1,217.56,31.54,53.38,2.91,2.54,388,415,27,9.49,92.02,101.51
"NYR","2012-2013",48,3047.26,2778,2676,102,50.94,54.7,52.69,126,108,18,53.85,2.48,2.13,137.18,129.49,7.69,51.44,2.7,2.55,183,193,10,8.5,92.02,100.51
"NYR","2013-2014",82,5071.89,4974,4431,543,52.89,58.84,52.42,214,190,24,52.97,2.53,2.25,239.34,226.05,13.29,51.43,2.83,2.67,333,366,33,7.87,92.12,99.99
"NYR","2014-2015",82,5118.07,4620,4569,51,50.28,54.16,53.56,248,187,61,57.01,2.91,2.19,243.02,225.8,17.22,51.84,2.85,2.65,299,294,-5,9.6,92.27,101.87
"NYR","2015-2016",82,5049.48,4365,4818,-453,47.53,51.87,57.25,233,215,18,52.01,2.77,2.55,220.73,238.44,-17.71,48.07,2.62,2.83,307,289,-18,9.97,91.38,101.35
"NYR","2016-2017",82,5079.25,4512,4685,-173,49.06,53.3,55.34,253,216,37,53.94,2.99,2.55,240.82,228.72,12.1,51.29,2.84,2.7,271,292,21,10.38,91.24,101.61
"NYR","2017-2018",82,4979.48,4523,5134,-611,46.84,54.5,61.86,228,263,-35,46.44,2.75,3.17,247.11,269.75,-22.64,47.81,2.98,3.25,296,287,-9,8.99,90.93,99.91
"NYR","2018-2019",82,5032.68,4272,5029,-757,45.93,50.93,59.96,221,267,-46,45.29,2.63,3.18,228.57,269.29,-40.73,45.91,2.72,3.21,338,297,-41,9.24,90.37,99.61
"OTT","2007-2008",81,5034.63,4508,4285,223,51.27,53.72,51.07,257,237,20,52.02,3.06,2.82,231.45,221.56,9.89,51.09,2.76,2.64,487,432,-55,10.51,90.19,100.71
"OTT","2008-2009",82,5143.48,4324,4359,-35,49.8,50.44,50.85,213,231,-18,47.97,2.48,2.69,210.62,207.54,3.08,50.37,2.46,2.42,450,440,-10,8.85,90.12,98.97
"OTT","2009-2010",82,5136.48,4481,4414,67,50.38,52.34,51.56,220,233,-13,48.57,2.57,2.72,217.19,206.36,10.83,51.28,2.54,2.41,435,409,-26,9.03,90.04,99.07
"OTT","2010-2011",82,5077.01,4380,4626,-246,48.63,51.76,54.67,190,245,-55,43.68,2.25,2.9,202.61,227.61,-25,47.09,2.39,2.69,417,375,-42,7.98,90.43,98.41
"OTT","2011-2012",82,5145.31,4951,4640,311,51.62,57.73,54.11,243,236,7,50.73,2.83,2.75,221.77,234.24,-12.47,48.63,2.59,2.73,428,379,-49,9.44,91.02,100.46
"OTT","2012-2013",48,3049.31,3008,2642,366,53.24,59.19,51.99,112,100,12,52.83,2.2,1.97,133.43,121.72,11.71,52.29,2.63,2.4,238,230,-8,7.04,93.34,100.38
"OTT","2013-2014",82,5218.66,5032,4787,245,51.25,57.85,55.04,229,258,-29,47.02,2.63,2.97,222.02,246.45,-24.43,47.39,2.55,2.83,438,389,-49,8.51,90.95,99.45
"OTT","2014-2015",82,5221.41,4813,4615,198,51.05,55.31,53.03,232,208,24,52.73,2.67,2.39,233.8,215.38,18.42,52.05,2.69,2.47,343,368,25,9.13,92.11,101.24
"OTT","2015-2016",82,5183.58,4475,4869,-394,47.89,51.8,56.36,230,241,-11,48.83,2.66,2.79,209.02,236.91,-27.89,46.87,2.42,2.74,349,337,-12,9.89,91.03,100.93
"OTT","2016-2017",82,5143.92,4592,4865,-273,48.56,53.56,56.75,206,210,-4,49.52,2.4,2.45,211.26,215.72,-4.46,49.48,2.46,2.52,353,360,7,8.36,91.49,99.85
"OTT","2017-2018",82,4985.06,4676,5088,-412,47.89,56.28,61.24,219,284,-65,43.54,2.64,3.42,210.16,247.53,-37.37,45.92,2.53,2.98,290,300,10,8.71,89.53,98.24
"OTT","2018-2019",81,4883.08,4320,5312,-992,44.85,53.08,65.27,240,300,-60,44.44,2.95,3.69,222.16,250.12,-27.96,47.04,2.73,3.07,281,289,8,10,89.64,99.65
"PHI","2007-2008",82,5120.25,4267,4697,-430,47.6,50,55.04,245,227,18,51.91,2.87,2.66,224.61,229.94,-5.33,49.41,2.63,2.69,556,550,-6,10.39,91.3,101.69
"PHI","2008-2009",82,5154.67,4506,4951,-445,47.65,52.45,57.63,260,232,28,52.85,3.03,2.7,218.67,241.89,-23.22,47.48,2.55,2.82,548,466,-82,10.65,91.3,101.96
"PHI","2009-2010",82,5073.49,4789,4525,264,51.42,56.64,53.51,232,222,10,51.1,2.74,2.63,243.8,217.2,26.6,52.89,2.88,2.57,504,483,-21,8.96,90.55,99.51
"PHI","2010-2011",82,5138.25,4764,4803,-39,49.8,55.63,56.09,256,216,40,54.24,2.99,2.52,246.74,222.46,24.28,52.59,2.88,2.6,422,403,-19,9.83,91.26,101.09
"PHI","2011-2012",82,5166.96,4883,4511,372,51.98,56.7,52.38,260,225,35,53.61,3.02,2.61,271.03,227.97,43.06,54.31,3.15,2.65,483,497,14,9.85,90.34,100.19
"PHI","2012-2013",48,2945.9,2600,2760,-160,48.51,52.95,56.21,132,139,-7,48.71,2.69,2.83,126.51,128.7,-2.19,49.57,2.58,2.62,273,258,-15,9.46,89.86,99.32
"PHI","2013-2014",82,5156.69,4776,4622,154,50.82,55.57,53.78,233,227,6,50.65,2.71,2.64,220.79,211.54,9.25,51.07,2.57,2.46,431,402,-29,9.36,90.95,100.31
"PHI","2014-2015",82,5231.38,4628,4692,-64,49.66,53.08,53.81,212,223,-11,48.74,2.43,2.56,209.15,224.65,-15.5,48.21,2.4,2.58,338,320,-18,8.79,91.01,99.8
"PHI","2015-2016",82,5177.57,4903,4716,187,50.97,56.82,54.65,211,210,1,50.12,2.45,2.43,234.3,230.26,4.04,50.43,2.72,2.67,366,389,23,8.3,91.66,99.96
"PHI","2016-2017",82,5187.7,4961,4553,408,52.14,57.38,52.66,212,231,-19,47.86,2.45,2.67,236.64,212.96,23.68,52.63,2.74,2.46,338,368,30,8.2,90.1,98.31
"PHI","2017-2018",82,4996.85,4779,4667,112,50.59,57.38,56.04,249,236,13,51.34,2.99,2.83,246.52,226.46,20.06,52.12,2.96,2.72,288,328,40,9.46,90.36,99.82
"PHI","2018-2019",81,4903.82,4666,4810,-144,49.24,57.09,58.85,240,277,-37,46.42,2.94,3.39,238.87,242.9,-4.03,49.58,2.92,2.97,302,296,-6,9.42,89.49,98.91
"PIT","2007-2008",82,5146.3,4064,4682,-618,46.47,47.38,54.59,240,212,28,53.1,2.8,2.47,222.75,215.41,7.34,50.84,2.6,2.51,463,490,27,10.58,91.6,102.17
"PIT","2008-2009",82,5189.81,4376,4722,-346,48.1,50.59,54.59,258,233,25,52.55,2.98,2.69,217.51,212.98,4.53,50.53,2.51,2.46,455,471,16,10.84,90.62,101.46
"PIT","2009-2010",81,5067.94,4864,4463,401,52.15,57.59,52.84,247,233,14,51.46,2.92,2.76,230.73,207.14,23.59,52.69,2.73,2.45,461,457,-4,9.32,89.96,99.28
"PIT","2010-2011",82,5211.08,4841,4308,533,52.91,55.74,49.6,228,196,32,53.77,2.63,2.26,211.16,200.2,10.96,51.33,2.43,2.31,487,478,-9,8.83,91.66,100.49
"PIT","2011-2012",82,5175.56,5162,4184,978,55.23,59.84,48.5,273,218,55,55.6,3.16,2.53,246.69,200.85,45.84,55.12,2.86,2.33,374,400,26,9.82,90.29,100.12
"PIT","2012-2013",48,2943.42,2635,2685,-50,49.53,53.71,54.73,162,119,43,57.65,3.3,2.43,133.23,116.26,16.97,53.4,2.72,2.37,227,231,4,11.27,91.52,102.78
"PIT","2013-2014",82,5136.89,4402,4529,-127,49.29,51.42,52.9,242,204,38,54.26,2.83,2.38,206.88,193.29,13.59,51.7,2.42,2.26,339,372,33,9.86,91.35,101.21
"PIT","2014-2015",82,5151.56,4676,4333,343,51.9,54.46,50.47,217,204,13,51.54,2.53,2.38,225.36,209.36,16,51.84,2.62,2.44,422,389,-33,8.37,91.5,99.87
"PIT","2015-2016",82,5104.74,4831,4389,442,52.4,56.78,51.59,241,199,42,54.77,2.83,2.34,245.76,198.13,47.63,55.37,2.89,2.33,330,331,1,8.85,91.83,100.68
"PIT","2016-2017",82,5124.84,4818,4856,-38,49.8,56.41,56.85,278,229,49,54.83,3.25,2.68,264.08,248.9,15.18,51.48,3.09,2.91,320,329,9,10.11,91.43,101.53
"PIT","2017-2018",82,4966.34,4965,4630,335,51.75,59.98,55.94,270,248,22,52.12,3.26,3,260.33,236.12,24.21,52.44,3.15,2.85,335,323,-12,9.56,90.29,99.85
"PIT","2018-2019",82,4981.5,4795,4902,-107,49.45,57.75,59.04,271,238,33,53.24,3.26,2.87,253.26,234.19,19.07,51.96,3.05,2.82,280,286,6,9.92,91.28,101.2
"S.J","2007-2008",82,5177.96,4314,3759,555,53.44,49.99,43.56,216,187,29,53.6,2.5,2.17,236.74,180.13,56.61,56.79,2.74,2.09,427,501,74,8.9,90.56,99.46
"S.J","2008-2009",82,5164.86,4892,4012,880,54.94,56.83,46.61,251,199,52,55.78,2.92,2.31,262.49,199.53,62.96,56.81,3.05,2.32,417,475,58,9.23,91.07,100.3
"S.J","2009-2010",81,5132.05,4797,4595,202,51.08,56.08,53.72,257,206,51,55.51,3,2.41,243.65,229.69,13.96,51.47,2.85,2.69,445,423,-22,10.03,91.92,101.95
"S.J","2010-2011",82,5148.78,5249,4420,829,54.29,61.17,51.51,243,208,35,53.88,2.83,2.42,270.94,203.35,67.59,57.13,3.16,2.37,365,382,17,8.58,91.22,99.8
"S.J","2011-2012",82,5227.93,5162,4588,574,52.94,59.24,52.66,219,205,14,51.65,2.51,2.35,247.41,201.28,46.13,55.14,2.84,2.31,308,353,45,7.9,91.25,99.15
"S.J","2012-2013",48,3128.32,2962,2760,202,51.77,56.81,52.94,116,112,4,50.88,2.22,2.15,140.09,119.48,20.61,53.97,2.69,2.29,195,218,23,7.6,91.94,99.54
"S.J","2013-2014",82,5276.05,5379,4492,887,54.49,61.17,51.08,239,193,46,55.32,2.72,2.19,274.51,191.31,83.2,58.93,3.12,2.18,295,367,72,8.38,91.54,99.93
"S.J","2014-2015",82,5130.67,5097,4713,384,51.96,59.61,55.12,224,226,-2,49.78,2.62,2.64,250.27,224.07,26.2,52.76,2.93,2.62,308,343,35,8.64,90.72,99.36
"S.J","2015-2016",82,5080.87,4722,4407,315,51.73,55.76,52.04,237,207,30,53.38,2.8,2.44,244.16,203.15,41.01,54.58,2.88,2.4,302,346,44,9.51,90.78,100.29
"S.J","2016-2017",82,5000.94,4888,4624,264,51.39,58.64,55.48,219,200,19,52.27,2.63,2.4,242.79,224.98,17.81,51.9,2.91,2.7,264,307,43,8.92,91.18,100.1
"S.J","2017-2018",82,4985.38,5169,4855,314,51.57,62.21,58.43,247,226,21,52.22,2.97,2.72,261.73,231.09,30.64,53.11,3.15,2.78,268,299,31,9.14,90.92,100.06
"S.J","2018-2019",82,4962.13,5144,4314,830,54.39,62.2,52.16,289,258,31,52.83,3.49,3.12,268.79,237.31,31.48,53.11,3.25,2.87,302,308,6,10.67,88.9,99.57
"STL","2007-2008",82,5099.03,3760,4285,-525,46.74,44.24,50.42,202,232,-30,46.54,2.38,2.73,186.85,212.59,-25.74,46.78,2.2,2.5,476,451,-25,9.44,89.68,99.12
"STL","2008-2009",82,5173.5,4151,4477,-326,48.11,48.14,51.92,227,227,0,50,2.63,2.63,207.75,206.77,0.98,50.12,2.41,2.4,483,482,-1,10,90.31,100.3
"STL","2009-2010",82,5182.07,4530,4517,13,50.07,52.45,52.3,218,218,0,50,2.52,2.52,211.18,217.98,-6.8,49.21,2.45,2.52,490,453,-37,8.92,91.19,100.11
"STL","2010-2011",82,5137.78,4675,4287,388,52.16,54.6,50.06,236,228,8,50.86,2.76,2.66,213.3,203.81,9.49,51.14,2.49,2.38,429,434,5,9.54,89.98,99.51
"STL","2011-2012",82,5212.1,4721,4192,529,52.97,54.35,48.26,206,155,51,57.06,2.37,1.78,230.25,187.25,43,55.15,2.65,2.16,409,388,-21,8.2,92.92,101.12
"STL","2012-2013",48,3009.8,2526,2328,198,52.04,50.36,46.41,124,114,10,52.1,2.47,2.27,108.58,106.27,2.31,50.54,2.16,2.12,214,213,-1,9.28,90.18,99.46
"STL","2013-2014",82,5182.05,4621,4155,466,52.65,53.5,48.11,239,188,51,55.97,2.77,2.18,207.34,186.7,20.64,52.62,2.4,2.16,423,414,-9,9.95,91.31,101.25
"STL","2014-2015",82,5198.43,4621,4295,326,51.83,53.34,49.57,239,197,42,54.82,2.76,2.27,211.98,187.28,24.7,53.09,2.45,2.16,367,353,-14,9.42,91.18,100.6
"STL","2015-2016",82,5139.7,4494,4457,37,50.21,52.46,52.03,219,197,22,52.64,2.56,2.3,210.81,216.58,-5.77,49.32,2.46,2.53,360,318,-42,8.86,91.93,100.79
"STL","2016-2017",82,5024.62,4276,4364,-88,49.49,51.06,52.11,233,216,17,51.89,2.78,2.58,197.61,201.12,-3.51,49.56,2.36,2.4,323,294,-29,10,90.72,100.72
"STL","2017-2018",82,4966.91,4905,4572,333,51.76,59.25,55.23,223,222,1,50.11,2.69,2.68,218.6,211.7,6.9,50.8,2.64,2.56,281,298,17,8.33,90.89,99.22
"STL","2018-2019",82,4980.98,4693,4385,308,51.7,56.53,52.82,244,220,24,52.59,2.94,2.65,237.09,209.69,27.4,53.07,2.86,2.53,281,287,6,9.37,90.62,99.99
"T.B","2007-2008",82,5008.28,4230,4271,-41,49.76,50.68,51.17,221,266,-45,45.38,2.65,3.19,199.78,196.34,3.44,50.43,2.39,2.35,402,377,-25,9.39,88.49,97.88
"T.B","2008-2009",82,5201.77,4137,4747,-610,46.57,47.72,54.75,207,269,-62,43.49,2.39,3.1,197.79,229.86,-32.07,46.25,2.28,2.65,515,446,-69,8.85,90.04,98.9
"T.B","2009-2010",82,5166.15,4237,4622,-385,47.83,49.21,53.68,213,253,-40,45.71,2.47,2.94,196.65,226.17,-29.52,46.51,2.28,2.63,497,486,-11,9,90.17,99.17
"T.B","2010-2011",82,5193.24,4738,4541,197,51.06,54.74,52.46,241,234,7,50.74,2.78,2.7,232.36,191.27,41.09,54.85,2.68,2.21,383,419,36,9.25,90.06,99.31
"T.B","2011-2012",82,5080.97,4167,4793,-626,46.51,49.21,56.6,232,278,-46,45.49,2.74,3.28,190.91,227.46,-36.55,45.63,2.25,2.69,362,347,-15,10.42,88.88,99.3
"T.B","2012-2013",48,2964.3,2410,2736,-326,46.83,48.78,55.38,147,147,0,50,2.98,2.98,112.82,128.06,-15.24,46.84,2.28,2.59,221,233,12,11.11,89.86,100.97
"T.B","2013-2014",82,5223.1,4478,4527,-49,49.73,51.44,52,232,209,23,52.61,2.67,2.4,200.16,200.09,0.07,50.01,2.3,2.3,345,345,0,9.48,91.29,100.77
"T.B","2014-2015",82,5096.86,4507,4283,224,51.27,53.06,50.42,259,206,53,55.7,3.05,2.43,210.78,192.98,17.8,52.2,2.48,2.27,344,372,28,10.67,90.99,101.66
"T.B","2015-2016",82,5056.73,4551,4349,202,51.13,54,51.6,224,198,26,53.08,2.66,2.35,196.81,195.32,1.49,50.19,2.34,2.32,344,367,23,9.32,91.63,100.96
"T.B","2016-2017",82,5093.14,4605,4415,190,51.05,54.25,52.01,230,224,6,50.66,2.71,2.64,211.25,205.64,5.61,50.67,2.49,2.42,356,363,7,9.37,91.01,100.38
"T.B","2017-2018",82,4979.6,4984,4711,273,51.41,60.05,56.76,290,234,56,55.34,3.49,2.82,242.95,211.95,31,53.41,2.93,2.55,337,343,6,10.82,91.28,102.1
"T.B","2018-2019",82,4979.57,4725,4667,58,50.31,56.93,56.23,319,221,98,59.07,3.84,2.66,232.49,212.44,20.05,52.25,2.8,2.56,334,330,-4,12.17,91.61,103.78
"TOR","2007-2008",82,5090.12,4669,4457,212,51.16,55.04,52.54,228,256,-28,47.11,2.69,3.02,238.13,244.15,-6.02,49.38,2.81,2.88,449,431,-18,8.97,89.35,98.32
"TOR","2008-2009",81,5140.89,4850,4791,59,50.31,56.6,55.92,242,283,-41,46.1,2.82,3.3,232.46,236.21,-3.75,49.6,2.71,2.76,425,447,22,9.41,88.49,97.89
"TOR","2009-2010",82,5121.81,5171,4697,474,52.4,60.58,55.02,210,263,-53,44.4,2.46,3.08,235.57,227.81,7.76,50.84,2.76,2.67,413,436,23,7.86,89.22,97.08
"TOR","2010-2011",82,5159.63,4720,4953,-233,48.8,54.89,57.6,213,245,-32,46.51,2.48,2.85,201.72,221.32,-19.6,47.68,2.35,2.57,378,428,50,9.03,90.35,99.38
"TOR","2011-2012",82,5121.67,4616,4821,-205,48.91,54.08,56.48,227,259,-32,46.71,2.66,3.03,208.51,233.15,-24.64,47.21,2.44,2.73,329,350,21,9.78,89.75,99.53
"TOR","2012-2013",48,2986.15,2489,3039,-550,45.03,50.01,61.06,145,128,17,53.11,2.91,2.57,111.15,131.01,-19.86,45.9,2.23,2.63,246,249,3,11.47,91.74,103.21
"TOR","2013-2014",82,5202.25,4264,5506,-1242,43.64,49.18,63.5,222,252,-30,46.84,2.56,2.91,200.43,259.1,-58.67,43.62,2.31,2.99,381,362,-19,9.69,91.44,101.13
"TOR","2014-2015",82,5140,4422,5038,-616,46.74,51.62,58.81,206,257,-51,44.49,2.4,3,210.17,260.15,-49.98,44.69,2.45,3.04,345,369,24,8.59,90.65,99.24
"TOR","2015-2016",82,5176.53,5036,4558,478,52.49,58.37,52.83,192,240,-48,44.44,2.23,2.78,240.04,219.84,20.2,52.2,2.78,2.55,345,334,-11,7.63,90.41,98.05
"TOR","2016-2017",82,5126.69,4989,4968,21,50.11,58.39,58.14,250,234,16,51.65,2.93,2.74,267.53,253.62,13.91,51.33,3.13,2.97,333,332,-1,9.55,91.25,100.8
"TOR","2017-2018",82,4988.12,5002,4966,36,50.18,60.17,59.73,270,230,40,54,3.25,2.77,274.48,254.75,19.73,51.86,3.3,3.06,267,265,-2,10.22,91.71,101.93
"TOR","2018-2019",82,4958.17,5387,4960,427,52.06,65.19,60.02,286,249,37,53.46,3.46,3.01,279.01,239.87,39.15,53.77,3.38,2.9,232,243,11,10.45,90.84,101.29
"VAN","2007-2008",82,5231.37,4035,4301,-266,48.4,46.28,49.33,207,206,1,50.12,2.37,2.36,206.52,210.67,-4.15,49.5,2.37,2.42,534,539,5,9.2,91.29,100.49
"VAN","2008-2009",81,5079.97,4276,4290,-14,49.92,50.5,50.67,242,208,34,53.78,2.86,2.46,226.98,209.83,17.15,51.96,2.68,2.48,511,502,-9,10.53,91.19,101.71
"VAN","2009-2010",82,5092.81,4672,4319,353,51.96,55.04,50.88,268,218,50,55.14,3.16,2.57,234.06,209.61,24.45,52.76,2.76,2.47,467,474,7,10.58,90.99,101.56
"VAN","2010-2011",82,5119.43,4901,4435,466,52.5,57.44,51.98,258,180,78,58.9,3.02,2.11,232.46,218.95,13.51,51.5,2.72,2.57,393,378,-15,9.83,92.71,102.54
"VAN","2011-2012",82,5246.92,4875,4318,557,53.03,55.75,49.38,241,191,50,55.79,2.76,2.18,219.51,223.04,-3.53,49.6,2.51,2.55,390,388,-2,9.33,92.44,101.77
"VAN","2012-2013",48,3108.72,2624,2433,191,51.89,50.64,46.96,122,115,7,51.48,2.35,2.22,120.38,117.77,2.61,50.55,2.32,2.27,231,235,4,9.03,91.72,100.75
"VAN","2013-2014",82,5187.85,4806,4491,315,51.69,55.58,51.94,191,216,-25,46.93,2.21,2.5,212.09,213.72,-1.63,49.81,2.45,2.47,395,366,-29,7.56,90.72,98.28
"VAN","2014-2015",82,5099.84,4429,4592,-163,49.1,52.11,54.03,236,220,16,51.75,2.78,2.59,216.35,233.89,-17.54,48.05,2.55,2.75,366,330,-36,9.62,91.01,100.62
"VAN","2015-2016",82,5139.24,4218,4664,-446,47.49,49.24,54.45,186,239,-53,43.76,2.17,2.79,198.72,240.33,-41.61,45.26,2.32,2.81,335,331,-4,8.05,91.04,99.09
"VAN","2016-2017",82,5069.55,4240,4562,-322,48.17,50.18,53.99,178,241,-63,42.48,2.11,2.85,190.29,236.59,-46.3,44.58,2.25,2.8,267,272,5,7.83,90.76,98.59
"VAN","2017-2018",81,4912.99,4415,4749,-334,48.18,53.92,58,216,256,-40,45.76,2.64,3.13,209.3,235.1,-25.8,47.1,2.56,2.87,306,276,-30,8.87,90.21,99.08
"VAN","2018-2019",81,4949.97,4479,4764,-285,48.46,54.29,57.75,219,243,-24,47.4,2.65,2.95,207.08,238.31,-31.23,46.49,2.51,2.89,300,296,-4,9.08,90.52,99.6
"VGK","2017-2018",82,4985.69,5018,4691,327,51.68,60.39,56.45,267,225,42,54.27,3.21,2.71,247.46,223.01,24.45,52.6,2.98,2.68,269,285,16,9.94,91.08,101.03
"VGK","2018-2019",82,4974.52,5254,4361,893,54.64,63.37,52.6,246,228,18,51.9,2.97,2.75,273.83,216.03,57.8,55.9,3.3,2.61,265,268,3,8.74,90.5,99.24
"WPG","2011-2012",82,5105.46,4638,4689,-51,49.73,54.51,55.11,221,242,-21,47.73,2.6,2.84,226.69,237.92,-11.23,48.79,2.66,2.8,374,332,-42,8.94,90.2,99.15
"WPG","2012-2013",48,2992.42,2741,2720,21,50.19,54.96,54.54,126,141,-15,47.19,2.53,2.83,127.41,127.04,0.37,50.07,2.55,2.55,196,196,0,9.06,90.1,99.16
"WPG","2013-2014",82,5223.04,4762,4714,48,50.25,54.7,54.15,219,231,-12,48.67,2.52,2.65,235.3,232.33,2.97,50.32,2.7,2.67,391,360,-31,8.7,90.66,99.36
"WPG","2014-2015",82,5203.05,4689,4360,329,51.82,54.07,50.28,223,204,19,52.22,2.57,2.35,239.83,228.97,10.86,51.16,2.77,2.64,428,383,-45,9.14,91.32,100.46
"WPG","2015-2016",82,5061.39,4558,4463,95,50.53,54.03,52.91,212,236,-24,47.32,2.51,2.8,220.58,240.46,-19.88,47.84,2.61,2.85,381,349,-32,8.73,90.26,98.98
"WPG","2016-2017",82,5024.83,4432,4621,-189,48.96,52.92,55.18,246,255,-9,49.1,2.94,3.04,231.66,226.93,4.73,50.52,2.77,2.71,357,339,-18,10.05,89.99,100.04
"WPG","2017-2018",82,4982.18,4838,4858,-20,49.9,58.26,58.5,273,216,57,55.83,3.29,2.6,236.44,229.07,7.37,50.79,2.85,2.76,319,316,-3,10.33,91.73,102.06
"WPG","2018-2019",82,4966.67,4664,4907,-243,48.73,56.34,59.28,270,243,27,52.63,3.26,2.94,230.4,243.43,-13.04,48.62,2.78,2.94,310,308,-2,10.56,91.13,101.69
"WSH","2007-2008",82,5104.35,4727,4079,648,53.68,55.56,47.95,238,227,11,51.18,2.8,2.67,228.69,204.08,24.61,52.84,2.69,2.4,422,417,-5,9.38,89.95,99.32
"WSH","2008-2009",82,5120.65,5145,4440,705,53.68,60.29,52.02,268,240,28,52.76,3.14,2.81,246.9,219.78,27.12,52.91,2.89,2.58,461,409,-52,9.75,90.07,99.83
"WSH","2009-2010",82,5173.63,5197,4670,527,52.67,60.27,54.16,313,227,86,57.96,3.63,2.63,251.6,222.21,29.39,53.1,2.92,2.58,384,377,-7,11.62,91.05,102.67
"WSH","2010-2011",82,5137.37,4870,4575,295,51.56,56.88,53.43,219,191,28,53.41,2.56,2.23,237.07,208.29,28.78,53.23,2.77,2.43,382,344,-38,8.53,91.96,100.49
"WSH","2011-2012",82,5105.8,4381,4739,-358,48.04,51.48,55.69,218,226,-8,49.1,2.56,2.66,194.66,212.91,-18.25,47.76,2.29,2.5,327,305,-22,9.49,90.87,100.36
"WSH","2012-2013",48,2954.53,2610,2825,-215,48.02,53,57.37,146,130,16,52.9,2.96,2.64,120.48,131.74,-11.26,47.77,2.45,2.68,212,211,-1,10.81,91.62,102.43
"WSH","2013-2014",82,5352.12,4521,4975,-454,47.61,50.68,55.77,225,229,-4,49.56,2.52,2.57,212.34,229.12,-16.78,48.1,2.38,2.57,375,383,8,9.33,91.68,101
"WSH","2014-2015",82,5136.75,4735,4601,134,50.72,55.31,53.74,237,199,38,54.36,2.77,2.32,215.31,208.07,7.24,50.86,2.51,2.43,362,341,-21,9.79,91.6,101.39
"WSH","2015-2016",82,5072.68,4702,4592,110,50.59,55.62,54.31,248,191,57,56.49,2.93,2.26,221.96,206.08,15.88,51.85,2.63,2.44,320,324,4,9.88,91.81,101.69
"WSH","2016-2017",82,5078.13,4678,4377,301,51.66,55.27,51.72,261,177,84,59.59,3.08,2.09,222.96,216.19,6.77,50.77,2.63,2.55,338,311,-27,10.46,92.24,102.7
"WSH","2017-2018",82,4975.08,4547,4981,-434,47.72,54.84,60.07,256,238,18,51.82,3.09,2.87,216.69,254.77,-38.08,45.96,2.61,3.07,335,305,-30,10.77,90.89,101.66
"WSH","2018-2019",81,4917.83,4659,4803,-144,49.24,56.84,58.6,271,247,24,52.32,3.31,3.01,231.69,250.68,-18.99,48.03,2.83,3.06,315,288,-27,11,90.31,101.31
